sid,cno,cname,credits,grade
kev18,CS329E,Elements of Web Programming,3,
jc,CS327E,Elements of Databases,3,
bzen26,CS313E,Elements of Software Engineering,3,B+
paulg,CS313E,Elements of Software Design,3,
jc,CS331E,Elements of Software Engineering,3,
jc,CS313E,Elements of Software Design,3,
paulg,CS326E,Elements of Networking,3,A-
jerryh,CS329E,Elements of Web Programming,3,A-
jerryh,CS327E,Elements of Databases,3,B 
paulg,CS329E,Elements of Web Programming,3,A
aprilz,CS373,Software Engineering,3,
aprilz,M358K,Applied Statistics,3,
kev18,CS347,Data Management,3,
kev18,M362K,Probability I,3,
sudeepa4,M328K,Intro to Number Theory,3,
sudeepa4,CS303E,Elements of Computers and Programming,3